,InChlKey,Class,Name,CID,CAS,categories,valence
0,SFR,undefined,sfr,SFR,SFR,undefined,
1,XLYOFNOQVPJJNP-UHFFFAOYSA-N,undefined,water,962,7732-18-5,odourless,
2,VHUUQVKOLVNVRT-UHFFFAOYSA-N,amines,ammonium hydroxide,14923,1336-21-6,fruity,
3,KIDHWZJUCRJVML-UHFFFAOYSA-N,amines,putrescine,1045,110-60-1,unpleasant,attractive
4,VHRGRCVQAFMJIZ-UHFFFAOYSA-N,amines,cadaverine,273,462-94-2,unpleasant,attractive
5,QGZKDVFQNNGYKY-UHFFFAOYSA-N,amines,ammonia,222,7664-41-7,unpleasant,
6,HZAXFHJVJLSVMW-UHFFFAOYSA-N,amines,ethanolamine,700,141-43-5,unpleasant,
7,WJYIASZWHGOTOU-UHFFFAOYSA-N,amines,heptylamine,8127,111-68-2,undefined,
8,BMFVGAAISNGQNM-UHFFFAOYSA-N,amines,isoamylamine,7894,107-85-7,undefined,
9,ROSDSFDQCJNGOL-UHFFFAOYSA-N,amines,dimethylamine,674,124-40-3,unpleasant,
10,YEJRWHAVMIAJKC-UHFFFAOYSA-N,O rings,gamma-butyrolactone,7302,96-48-0,fermentation,attractive
11,JBFHTYHTHYHCDJ-UHFFFAOYSA-N,O rings,gamma-hexalactone,12756,695-06-7,undefined,attractive
12,IPBFYZQJXZJBFQ-UHFFFAOYSA-N,O rings,gamma-octalactone,7704,104-50-7,fruity,neutral
13,IFYYFLINQYPWGJ-UHFFFAOYSA-N,O rings,gamma-decalactone,12813,706-14-9,fruity,attractive
14,GHBSPIPJMLAMEP-UHFFFAOYSA-N,O rings,delta-decalactone,12810,705-86-2,undefined,attractive
15,BDAGIHXWWSANSR-UHFFFAOYSA-N,acids,methanoic acid,284,64-18-6,unpleasant,attractive
16,QTBSBXVTEAMEQO-UHFFFAOYSA-N,acids,acetic acid,176,64-19-7,fruity,attractive
17,XBDQKXXYIPTUBI-UHFFFAOYSA-N,acids,propanoic acid,1032,79-09-4,unpleasant,attractive
18,FERIUCNNQQJTOY-UHFFFAOYSA-N,acids,butyric acid,264,107-92-6,fermentation,attractive
19,NQPDZGIKBAWPEJ-UHFFFAOYSA-N,acids,pentanoic acid,7991,109-52-4,fruity,attractive
20,FUZZWVXGSFPDMH-UHFFFAOYSA-N,acids,hexanoic acid,8892,142-62-1,fruity,
21,MNWFXJYAOYHMED-UHFFFAOYSA-N,acids,heptanoic acid,8094,111-14-8,unpleasant,neutral
22,WWZKQHOCKIZLMA-UHFFFAOYSA-N,acids,octanoic acid,379,124-07-2,unpleasant,attractive
23,FBUKVWPVBMHYJY-UHFFFAOYSA-N,acids,nonanoic acid,8158,112-05-0,unpleasant,neutral
24,OYHQOLUKZRVURQ-HZJYTTRNSA-N,acids,linoleic acid,5280450,60-33-3,unpleasant,neutral
25,KQNPFQTWMSNSAP-UHFFFAOYSA-N,acids,isobutyric acid,6590,79-31-2,unpleasant,attractive
26,GWYFCOCPABKNJV-UHFFFAOYSA-N,acids,isopentanoic acid,10430,503-74-2,fermentation,attractive
27,LCTONWCANYUPML-UHFFFAOYSA-N,acids,pyruvic acid,1060,127-17-3,fermentation,attractive
28,OBETXYAYXDNJHR-UHFFFAOYSA-N,acids,2-ethylhexanoic acid,8697,149-57-5,undefined,attractive
29,JVTAAEKCZFNVCJ-UHFFFAOYSA-N,acids,lactic acid,612,50-21-5,undefined,attractive
30,CZUGFKJYCPYHHV-UHFFFAOYSA-N,sulfides,3-methylthio-1-propanol,10448,505-10-2,undefined,attractive
31,QMMFVYPAHWMCMS-UHFFFAOYSA-N,sulfides,dimethyl sulfide,1068,75-18-3,unpleasant,neutral
32,ALVPFGSHPUPROW-UHFFFAOYSA-N,sulfides,dipropyldisulphide,12377,629-19-6,undefined,
33,SUVIGLJNEAMWEG-UHFFFAOYSA-N,sulfides,propanethiol,7848,107-03-9,undefined,
34,MOYAFQVGZZPNRA-UHFFFAOYSA-N,terpenes,terpinolene,11463,586-62-9,undefined,neutral
35,GRWFGVWFFZKLTI-UHFFFAOYSA-N,terpenes,alpha-pinene,6654,80-56-8,undefined,attractive
36,WTARULDDTDQWMU-UHFFFAOYSA-N,terpenes,beta-pinene,14896,127-91-3,repellent,
37,BQOFWKZOCNGFEC-UHFFFAOYSA-N,terpenes,3-carene,443156,13466-78-9,undefined,
38,XMGQYMWWDOXHJM-UHFFFAOYSA-N,terpenes,limonene,22311,138-86-3,fruity,
39,FAMPSKZZVDUYOS-HRGUGZIWSA-N,terpenes,alpha-humulene,5281520,6753-98-6,repellent,attractive
40,UAHWPYUMFXYFJY-UHFFFAOYSA-N,terpenes,beta-myrcene,31253,123-35-3,repellent,neutral
41,NPNUFJAVOOONJE-GFUGXAQUSA-N,terpenes,(-)-trans-caryophyllene,5281515,87-44-5,repellent,neutral
42,HFPZCAJZSCWRBC-UHFFFAOYSA-N,terpenes,p-cymene,7463,99-87-6,repellent,neutral
43,HIGQPQRQIQDZMP-DHZHZOJOSA-N,terpenes,geranyl acetate,1549026,105-87-3,fruity,attractive
44,WUOACPNHFRMFPN-SECBINFHSA-N,terpenes,alpha-terpineol,443162,10482-56-1,undefined,attractive
45,GLZPCOQZEFWAFX-JXMROGBWSA-N,terpenes,geraniol,637566,106-24-1,fruity,neutral
46,GLZPCOQZEFWAFX-YFHOEESVSA-N,terpenes,nerol,643820,106-25-2,fruity,neutral
47,CDOSHBSSFJOMGT-UHFFFAOYSA-N,terpenes,linalool,6549,78-70-6,fruity,aversive
48,QMVPMAAFGQKVCJ-SNVBAGLBSA-N,terpenes,beta-citronellol,8842,106-22-9,pleasant,neutral
49,BRHDDEIRQPDPMG-UHFFFAOYSA-N,terpenes,linalool oxide,22310,60047-17-8,undefined,attractive
50,ULDHMXUKGWMISQ-SECBINFHSA-N,terpenes,(R)-(-)-carvone,439570,6485-40-1,undefined,
51,ULDHMXUKGWMISQ-VIFPVBQESA-N,terpenes,(S)-(+)-carvone,16724,2244-16-8,undefined,
52,WEEGYLXZBRQIMU-WAAGHKOSSA-N,terpenes,"1,8-cineole",2758,470-82-6,undefined,
53,RFFOTVCVTJUTAD-UHFFFAOYSA-N,terpenes,"1,4-cineol",10106,470-67-7,undefined,
54,WTEVQBCEXWBHNA-JXMROGBWSA-N,terpenes,citral,638011,5392-40-5,fruity,
55,NEHNMFOYXAPHSD-JTQLQIEISA-N,terpenes,(S)-(-)-citronellal,443157,5949-05-3,undefined,
56,LHXDLQBQYFFVNW-OIBJUYFYSA-N,terpenes,(1R)-(-)-fenchone,14525,7787-20-4,undefined,
57,XMGQYMWWDOXHJM-JTQLQIEISA-N,terpenes,(R)-(+)-limonene,440917,5989-27-5,undefined,neutral
58,NFLGAXVYCFJBMK-BDAKNGLRSA-N,terpenes,(-)-menthone,26447,14073-97-3,repellent,
59,KMRMUZKLFIEVAO-UHFFFAOYSA-N,terpenes,(1R)-(-)-myrtenal,61130,564-94-3,undefined,
60,GRWFGVWFFZKLTI-RKDXNWHRSA-N,terpenes,(+)-alpha-pinene,82227,7785-70-8,undefined,
61,NZGWDASTMWDZIW-MRVPVSSYSA-N,terpenes,(R)-(+)-pulegon,442495,89-82-7,undefined,
62,USMNOWBWPHYOEA-MRTMQBJTSA-N,terpenes,(-)-alpha-thujone,261491,546-80-5,repellent,
63,RGZSQWQPBWRIAQ-CABCVRRESA-N,terpenes,alpha-bisabolol,10586,23089-26-1,undefined,
64,CRDAMVZIKSXKFV-YFVJMOTDSA-N,terpenes,"e,e-farnesol",445070,106-28-5,fruity,
65,UZFLPKAIBPNNCA-BQYQJAHWSA-N,terpenes,alpha-ionone,5282108,127-41-3,undefined,
66,PSQYTAPXSHCGMF-BQYQJAHWSA-N,terpenes,beta-ionone,638014,79-77-6,undefined,
67,XMGQYMWWDOXHJM-SNVBAGLBSA-N,terpenes,l-limonen,439250,5989-54-8,undefined,
68,IKHGUXGNUITLKF-UHFFFAOYSA-N,aldehydes,acetaldehyde,177,75-07-0,fruity,neutral
69,NBBJYMSMWIIQGU-UHFFFAOYSA-N,aldehydes,propanal,527,123-38-6,fruity,neutral
70,ZTQSAGDEMFDKMZ-UHFFFAOYSA-N,aldehydes,butanal,261,123-72-8,unpleasant,attractive
71,HGBOYTHUEUWSSQ-UHFFFAOYSA-N,aldehydes,pentanal,8063,110-62-3,fruity,neutral
72,JARKCYVAAOWBJS-UHFFFAOYSA-N,aldehydes,hexanal,6184,66-25-1,fruity,attractive
73,MBDOYVRWFFCFHM-SNAWJCMRSA-N,aldehydes,E2-hexenal,5281168,6728-26-3,pleasant,neutral
74,HYBBIBNJHNGZAN-UHFFFAOYSA-N,O rings,furfural,7362,98-01-1,pleasant,attractive
75,HGINCPLSRVDWNT-UHFFFAOYSA-N,aldehydes,2-propenal,7847,107-02-8,unpleasant,neutral
76,NUJGJRNETVAIRJ-UHFFFAOYSA-N,aldehydes,octanal,454,124-13-0,fruity,
77,KSMVZQYAVGTKIV-UHFFFAOYSA-N,aldehydes,decanal,8175,112-31-2,repellent,
78,FXHGMKSSBGDXIY-UHFFFAOYSA-N,aldehydes,heptanal,8130,111-71-7,fruity,
79,LVBXEMGDVWVTGY-VOTSOKGWSA-N,aldehydes,E2-octenal,5283324,2548-87-0,undefined,
80,GYHFUZHODSMOHU-UHFFFAOYSA-N,aldehydes,nonanal,31289,124-19-6,undefined,
81,NDFKTBCGKNOHPJ-AATRIKPKSA-N,aldehydes,E2-heptenal,5283316,18829-55-5,undefined,
82,CSCPPACGZOOCGX-UHFFFAOYSA-N,ketones,acetone,180,67-64-1,fermentation,attractive
83,ZWEHNKRNPOVVGH-UHFFFAOYSA-N,ketones,2-butanone,6569,78-93-3,fruity,neutral
84,XNLICIUVMPYHGG-UHFFFAOYSA-N,ketones,2-pentanone,7895,107-87-9,undefined,attractive
85,CATSNJVOTSVZJV-UHFFFAOYSA-N,ketones,2-heptanone,8051,110-43-0,fruity,neutral
86,UHEPJGULSIKKTP-UHFFFAOYSA-N,ketones,6-methyl-5-hepten-2-one,9862,110-93-0,fruity,neutral
87,QSJXEFYPDANLFS-UHFFFAOYSA-N,ketones,"2,3-butanedione",650,431-03-8,fruity,attractive
88,ROWKJAVDOGWPAT-UHFFFAOYSA-N,ketones,3-hydroxy-2-butanone,179,513-86-0,undefined,
89,LABTWGUMFABVFG-ARJAWSKDSA-N,ketones,3-penten-2-one,12248,625-33-2,undefined,
90,QQZOPKMRPOGIEB-UHFFFAOYSA-N,ketones,2-hexanone,11583,591-78-6,undefined,
91,PFCHFHIRKBAQGU-UHFFFAOYSA-N,ketones,3-hexanone,11509,589-38-8,undefined,
92,JHIVVAPYMSGYDF-UHFFFAOYSA-N,ketones,cyclohexanone,7967,108-94-1,unpleasant,
93,ZPVFWPFBNIEHGJ-UHFFFAOYSA-N,ketones,2-octanone,8093,111-13-7,undefined,
94,VKCYHJWLYTUGCC-UHFFFAOYSA-N,ketones,nonanone,13187,821-55-6,undefined,
95,NGAZZOYFWWSOGK-UHFFFAOYSA-N,ketones,3-heptanone,7802,106-35-4,undefined,
96,WRMNZCZEMHIOCP-UHFFFAOYSA-N,aromatics,phenethyl alcohol,6054,60-12-8,repellent,attractive
97,WVDDGKGOMKODPV-UHFFFAOYSA-N,aromatics,benzyl alcohol,244,100-51-6,fruity,
98,OSWPMRLSEDHDFF-UHFFFAOYSA-N,aromatics,methyl salicylate,4133,119-36-8,repellent,neutral
99,QPJVMBTYPHYUOC-UHFFFAOYSA-N,aromatics,methyl benzoate,7150,93-58-3,fruity,neutral
100,MTZQAGJQAFMTAQ-UHFFFAOYSA-N,aromatics,ethyl benzoate,7165,93-89-0,fruity,attractive
101,MDHYEMXUFSJLGV-UHFFFAOYSA-N,aromatics,phenethyl acetate,7654,103-45-7,fruity,attractive
102,HUMNYLRZRPPJDN-UHFFFAOYSA-N,aromatics,benzaldehyde,240,100-52-7,pleasant,aversive
103,DTUQWGWMVIHBKE-UHFFFAOYSA-N,aromatics,phenylacetaldehyde,998,122-78-1,pleasant,attractive
104,KWOLFJPFCHCOCG-UHFFFAOYSA-N,aromatics,acetophenone,7410,98-86-2,fruity,aversive
105,KBEBGUQPQBELIU-CMDGGOBGSA-N,aromatics,ethyl cinnamate,637758,103-36-6,repellent,attractive
106,QWVGKYWNOKOFNN-UHFFFAOYSA-N,aromatics,2-methylphenol,335,95-48-7,unpleasant,aversive
107,CHWNEIVBYREQRF-UHFFFAOYSA-N,aromatics,4-ethylguaiacol,62465,2785-89-9,fermentation,attractive
108,RRAFCDWBNXTKKO-UHFFFAOYSA-N,aromatics,eugenol,3314,97-53-0,repellent,attractive
109,SMQUZDBALVYZAC-UHFFFAOYSA-N,aromatics,salicyl aldehyde,6998,90-02-8,undefined,
110,LHGVFZTZFXWLCP-UHFFFAOYSA-N,aromatics,2-hydroxy-anisole,460,90-05-1,undefined,
111,RUVINXPYWBROJD-ONEGZZNKSA-N,aromatics,4-propenyl anisole,637563,104-46-1,repellent,
112,ZRSNZINYAWTAHE-UHFFFAOYSA-N,aromatics,4-methoxybenzaldehyde,31244,123-11-5,pleasant,
113,WTWBUQJHJGUZCY-UHFFFAOYSA-N,aromatics,4-isopropylbenzaldehyde,326,122-03-2,repellent,
114,RDOXTESZEPMUJZ-UHFFFAOYSA-N,aromatics,4-methoxybenzene,7519,100-66-3,unpleasant,
115,ZYEMGPIYFIJGTP-UHFFFAOYSA-N,aromatics,"4-allyl-1,2-dimethoxybenzene",7127,93-15-2,undefined,
116,RKFAZBXYICVSKP-WAYWQWQTSA-N,aromatics,"2,4,5-trimethoxy-1-propenylbenzene",636822,2883-98-9,undefined,
117,SUSQOBVLVYHIEX-UHFFFAOYSA-N,aromatics,benzyl cyanide,8794,140-29-4,pleasant,
118,BJIOGJUNALELMI-ONEGZZNKSA-N,aromatics,iso-eugenol,853433,97-54-1,undefined,
119,IWDCLRJOBJJRNH-UHFFFAOYSA-N,aromatics,4-methylphenol,2879,106-44-5,fermentation,
120,HXDOZKJGKXYMEW-UHFFFAOYSA-N,aromatics,4-ethylphenol,31242,123-07-9,fermentation,
121,LCHYEKKJCUJAKN-UHFFFAOYSA-N,aromatics,2-propylphenol,12570,644-35-9,undefined,
122,KJPRLNWUNMBNBZ-QPJJXVBHSA-N,aromatics,3-phenyl-2e-propenal,637511,14371-10-9,undefined,
123,JFDZBHWFFUWGJE-UHFFFAOYSA-N,aromatics,benzonitrile,7505,100-47-0,pleasant,
124,GEWDNTWNSAZUDX-SNAWJCMRSA-N,aromatics,methyl jasmonate,62388,39924-52-2,undefined,
125,QUKGYYKBILRGFE-UHFFFAOYSA-N,aromatics,benzyl acetate,8785,140-11-4,fruity,
126,KLSLBUSXWBJMEC-UHFFFAOYSA-N,aromatics,4-propylphenol,12580,645-56-7,undefined,
127,RLSSMJSEOOYNOY-UHFFFAOYSA-N,aromatics,3-methylphenol,342,108-39-4,unpleasant,
128,IXQGCWUGDFDQMF-UHFFFAOYSA-N,aromatics,2-ethylphenol,6997,90-00-6,undefined,
129,WPYMKLBDIGXBTP-UHFFFAOYSA-N,aromatics,benzoic acid,243,65-85-0,fruity,
130,MWOOGOJBHIARFG-UHFFFAOYSA-N,aromatics,4hydroxy-3-methoxybenzaldehyde,1183,121-33-5,fruity,
131,OKKJLVBELUTLKV-UHFFFAOYSA-N,alcohols,methanol,887,67-56-1,fruity,attractive
132,LFQSCWFLJHTTHZ-UHFFFAOYSA-N,alcohols,ethanol,702,64-17-5,fruity,neutral
133,BDERNNFJNOPAEC-UHFFFAOYSA-N,alcohols,1-propanol,1031,71-23-8,fermentation,attractive
134,LRHPLDYGYMQRHN-UHFFFAOYSA-N,alcohols,1-butanol,263,71-36-3,fruity,attractive
135,AMQJEAYHLZJPGS-UHFFFAOYSA-N,alcohols,1-pentanol,6276,71-41-0,fruity,attractive
136,ZSIAUFGUXNUGDI-UHFFFAOYSA-N,alcohols,1-hexanol,8103,111-27-3,pleasant,neutral
137,KBPLFHHGFOOTCA-UHFFFAOYSA-N,alcohols,1-octanol,957,111-87-5,repellent,aversive
138,SJWFXCIHNDVPSH-UHFFFAOYSA-N,alcohols,2-octanol,20083,123-96-6,undefined,
139,JYVLIDXNZAXMDK-UHFFFAOYSA-N,alcohols,2-pentanol,22386,6032-29-7,undefined,attractive
140,PHTQWCKDNZKARW-UHFFFAOYSA-N,alcohols,3-methyl-butanol,31260,123-51-3,fruity,attractive
141,ASUAYTHWZCLXAN-UHFFFAOYSA-N,alcohols,3-methyl-2-buten-1-ol,11173,556-82-1,fruity,attractive
142,VHVMXWZXFBOANQ-UHFFFAOYSA-N,alcohols,1-penten-3-ol,12020,616-25-1,undefined,attractive
143,VSMOENVRRABVKN-UHFFFAOYSA-N,alcohols,1-octen-3-ol,18827,3391-86-4,repellent,aversive
144,ZCHHRLHTBGRGOT-SNAWJCMRSA-N,alcohols,E2-hexenol,5318042,928-95-0,undefined,neutral
145,ZCHHRLHTBGRGOT-PLNGDYQASA-N,alcohols,Z2-hexenol,5324489,928-94-9,undefined,attractive
146,UFLHIIWVXFIJGU-ONEGZZNKSA-N,alcohols,E3-hexenol,5284503,928-97-2,undefined,
147,UFLHIIWVXFIJGU-ARJAWSKDSA-N,alcohols,Z3-hexenol,5281167,928-96-1,fruity,neutral
148,PEDCQBHIVMGVHV-UHFFFAOYSA-N,alcohols,glycerol,753,56-81-5,odourless,neutral
149,OWBTYPJTUOEWEK-UHFFFAOYSA-N,alcohols,"2,3-butanediol",262,513-85-9,fermentation,attractive
150,HPXRVTGHNJAIIH-UHFFFAOYSA-N,alcohols,cyclohexanol,7966,108-93-0,repellent,
151,MWKFXSUHUHTGQN-UHFFFAOYSA-N,alcohols,decanol,8174,112-30-1,undefined,
152,MQWCXKGKQLNYQG-UHFFFAOYSA-N,alcohols,4-methylcyclohexanol,11524,589-91-3,undefined,
153,BBMCTIGTTCKYKF-UHFFFAOYSA-N,alcohols,1-heptanol,8129,111-70-6,pleasant,
154,NMRPBPVERJPACX-UHFFFAOYSA-N,alcohols,3-octanol,11527,589-98-0,pleasant,
155,ZWRUINPWMLAQRD-UHFFFAOYSA-N,alcohols,1-nonanol,8914,143-08-8,fruity,
156,WOFPPJOZXUTRAU-UHFFFAOYSA-N,alcohols,4-octanol,11515,589-62-8,undefined,
157,CETWDUZRCINIHU-UHFFFAOYSA-N,alcohols,2-heptanol,10976,543-49-7,undefined,
158,QNVRIHYSUZMSGM-UHFFFAOYSA-N,alcohols,2-hexanol,12297,626-93-7,undefined,
159,ZOCHHNOQQHDWHG-UHFFFAOYSA-N,alcohols,3-hexanol,12178,623-37-0,fruity,neutral
160,BVOSSZSHBZQJOI-UHFFFAOYSA-N,alcohols,1-hexen-3-ol,20928,4798-44-1,undefined,
161,ZXEKIIBDNHEJCQ-UHFFFAOYSA-N,alcohols,isobutyl alcohol,6560,78-83-1,fermentation,
162,KXKVLQRXCPHEJC-UHFFFAOYSA-N,esters,methyl acetate,6584,79-20-9,pleasant,attractive
163,XEKOWRVHYACXOJ-UHFFFAOYSA-N,esters,ethyl acetate,8857,141-78-6,fruity,neutral
164,YKYONYBAUNKHLG-UHFFFAOYSA-N,esters,propyl acetate,7997,109-60-4,fruity,attractive
165,DKPFZGUDAPQIHT-UHFFFAOYSA-N,esters,butyl acetate,31272,123-86-4,fruity,neutral
166,PGMYKACGEOXYJE-UHFFFAOYSA-N,esters,pentyl acetate,12348,628-63-7,fruity,attractive
167,AOGQPLXWSUTHQB-UHFFFAOYSA-N,esters,hexyl acetate,8908,142-92-7,fruity,attractive
168,GJRQTCIYDGXPES-UHFFFAOYSA-N,esters,isobutyl acetate,8038,110-19-0,fruity,neutral
169,MLFHJEHSLIIPHL-UHFFFAOYSA-N,esters,isopentyl acetate,31276,123-92-2,fruity,neutral
170,HRHOWZHRCRZVCU-WAYWQWQTSA-N,esters,E2-hexenyl acetate,2733294,2497-18-9,fruity,neutral
171,UUIQMZJEGPQKFD-UHFFFAOYSA-N,esters,methyl butyrate,12180,623-42-7,fruity,neutral
172,OBNCKNCVKJNDBV-UHFFFAOYSA-N,esters,ethyl butyrate,7762,105-54-4,fruity,neutral
173,XAPCMTMQBXLDBB-UHFFFAOYSA-N,esters,hexyl butyrate,17525,2639-63-6,undefined,attractive
174,OMSUIQOIVADKIM-UHFFFAOYSA-N,esters,ethyl 3-hydroxybutyrate,62572,5405-41-4,fruity,attractive
175,FKRCODPIKNYEAC-UHFFFAOYSA-N,esters,ethyl propionate,7749,105-37-3,fruity,attractive
176,WBJINCZRORDGAQ-UHFFFAOYSA-N,esters,ethyl methanoate,8025,109-94-4,fruity,attractive
177,NUKZAGXMHTUAFE-UHFFFAOYSA-N,esters,methyl hexanoate,7824,106-70-7,undefined,neutral
178,SHZIWNPUGXLXDT-UHFFFAOYSA-N,esters,ethyl hexanoate,31265,123-66-0,fruity,neutral
179,NCDCLPBOMHPFCV-UHFFFAOYSA-N,esters,hexyl hexanoate,22873,6378-65-0,undefined,
180,JGHZJRVDZXSNKQ-UHFFFAOYSA-N,esters,methyl octanoate,8091,111-11-5,undefined,neutral
181,YYZUSRORWSJGET-UHFFFAOYSA-N,esters,ethyl octanoate,7799,106-32-1,fruity,neutral
182,RGXWDWUGBIJHDO-UHFFFAOYSA-N,esters,ethyl decanoate,8048,110-38-3,fermentation,neutral
183,ZFDIRQKJPRINOQ-HWKANZROSA-N,esters,ethyl trans-2-butenoate,429065,623-70-1,undefined,neutral
184,LZCLXQDLBQLTDK-UHFFFAOYSA-N,esters,ethyl lactate,92831,97-64-3,fruity,neutral
185,DKMROQRQHGEIOW-UHFFFAOYSA-N,esters,diethyl succinate,31249,123-25-1,undefined,attractive
186,YLYBTZIQSIBWLI-UHFFFAOYSA-N,esters,octyl acetate,8164,112-14-1,fruity,
187,NUPSHWCALHZGOV-UHFFFAOYSA-N,esters,decyl acetate,8167,112-17-4,undefined,
188,RJUFJBKOKNCXHH-UHFFFAOYSA-N,esters,methyl propionate,11124,554-12-1,fruity,
189,HUAZGNHGCJGYNP-UHFFFAOYSA-N,esters,propyl butanoate,7770,105-66-8,undefined,
190,RPRPDTXKGSIXMD-UHFFFAOYSA-N,esters,butyl hexanoate,12294,626-82-4,undefined,
191,SIKJAQJRHWYJAI-UHFFFAOYSA-N,N rings,indole,798,120-72-9,pleasant,
192,BTKXLQSCEOHKTF-SREVYHEPSA-N,esters,Z11-hexdecenyl acetate,5364711,34010-21-4,undefined,
193,XHIUFYZDQBSEMF-UHFFFAOYSA-N,esters,2-methyl butyl acetate,12209,624-41-9,undefined,
194,MCSINKKTEDDPNK-UHFFFAOYSA-N,esters,propyl propionate,7803,106-36-5,fruity,
195,GQKZRWSUJHVIPE-UHFFFAOYSA-N,esters,sec-amyl acetate,12278,626-38-0,undefined,
196,OMSUIQOIVADKIM-RXMQYKEDSA-N,esters,ethyl (R)-(-)-3-hydroxybutanoate,440030,24915-95-5,undefined,
197,OMSUIQOIVADKIM-YFKPBYRVSA-N,esters,ethyl (S)-(+)-3-hydroxybutanoate,6950306,56816-01-4,undefined,
198,HCRBXQFHJMCTLF-UHFFFAOYSA-N,esters,ethyl 2-methylbutanoate,24020,7452-79-1,undefined,
199,XUPYJHCZDLZNFP-UHFFFAOYSA-N,esters,butyl butanoate,7983,109-21-7,fruity,
200,ICMAFTSLXCXHRK-UHFFFAOYSA-N,esters,ethyl pentanoate,10882,539-82-2,fruity,
201,ACCRBMDJCPPJDX-UHFFFAOYSA-N,esters,methyl 3-hydroxy hexanoate,519845,21188-58-9,undefined,
202,LYRIITRHDCNUHV-UHFFFAOYSA-N,esters,ethyl 3-hydroxyhexanoate,61293,2305-25-1,undefined,
203,HTUIWRWYYVBCFT-UHFFFAOYSA-N,esters,propyl hexanoate,12293,626-77-7,fruity,
204,ZARFDQHJMNVNLE-WEVVVXLNSA-N,esters,isoamyl tiglate,5463682,41519-18-0,undefined,
205,FFOPEPMHKILNIT-UHFFFAOYSA-N,esters,isopropyl butyrate,61184,638-11-9,undefined,
206,YYJWBYNQJLBIGS-PLNGDYQASA-N,esters,methyl tiglate,5323652,6622-76-0,undefined,
207,OAPHLAAOJMTMLY-GQCTYLIASA-N,esters,ethyl 2-methyl-2e-butenoate,5281163,5837-78-5,undefined,
208,VUPBIVVRPJDWNW-FNORWQNLSA-N,esters,isopropyl tiglate,5367745,1733-25-1,undefined,
209,PPXUHEORWJQRHJ-UHFFFAOYSA-N,esters,ethyl isovalerate,7945,108-64-5,fruity,
210,ZCZSIDMEHXZRLG-UHFFFAOYSA-N,esters,heptyl acetate,8159,112-06-1,fruity,
211,NPFVOOAXDOBMCE-PLNGDYQASA-N,esters,Z3-hexenyl acetate,5363388,3681-71-8,undefined,
212,OUGPMNMLWKSBRI-UHFFFAOYSA-N,esters,hexyl methanoate,61177,629-33-4,undefined,
213,GJQIMXVRFNLMTB-UHFFFAOYSA-N,esters,nonyl acetate,8918,143-13-5,undefined,
214,BTMVHUNTONAYDX-UHFFFAOYSA-N,esters,butyl propanoate,11529,590-01-2,undefined,
215,IEMMBWWQXVXBEU-UHFFFAOYSA-N,O rings,acetyl furan,14505,1192-62-7,undefined,
216,GSCLMSFRWBPUSK-UHFFFAOYSA-N,O rings,beta-butyrolactone,18303,3068-88-0,undefined,
217,GAEKPEKOJKCEMS-UHFFFAOYSA-N,O rings,gamma-valerolactone,7921,108-29-2,undefined,
218,OALYTRUKMRCXNH-QMMMGPOBSA-N,O rings,gamma-pentyl-gamma-butyrolactone,441574,63357-97-1,undefined,
219,VLSVVMPLPMNWBH-UHFFFAOYSA-N,O rings,gamma-propyl-gamma-butyrolactone,7742,105-21-5,undefined,
220,solvent,undefined,oil,solvent,solvent,repellent,
221,IMNFDUFMRHMDMM-UHFFFAOYSA-N,undefined,heptane,8900,142-82-5,unpleasant,
222,TVMXDCGIABBOFY-UHFFFAOYSA-N,undefined,octane,356,111-65-9,unpleasant,
223,BKIMMITUMNQMOS-UHFFFAOYSA-N,undefined,nonane,8141,111-84-2,unpleasant,
224,CURLTUGMZLYLDI-UHFFFAOYSA-N,undefined,carbon dioxide,280,124-38-9,fermentation,
225,UXFSPRAGHGMRSQ-UHFFFAOYSA-N,N rings,2-isobutyl-3-methoxypyrazine,32594,24683-00-9,unpleasant,
226,RWRDLPDLKQPQOW-UHFFFAOYSA-N,N rings,pyrrolidine,31268,123-75-1,unpleasant,
227,QSZKEDWVAOAFQY-HJWRWDBZSA-N,esters,11-cis vaccenyl acetate,5363286,6186-98-7,pheromone,
228,ALSTYHKOOCGGFT-KTKRTIGZSA-N,alcohols,oleyl alcohol,5284499,143-28-2,undefined,
229,XMLQWXUVTXCDDL-FPLPWBNLSA-N,alcohols,cis-vaccenyl alcohol,11821627,62972-93-4,undefined,
230,GYGAZRPDUOHMAF-KHPPLWFESA-N,esters,oleyl acetate,5363289,693-80-1,undefined,
231,UWHZIFQPPBDJPM-FPLPWBNLSA-N,acids,cis-vaccenic acid,5282761,506-17-2,undefined,
232,PVVODBCDJBGMJL-CMDGGOBGSA-N,undefined,trans-methyl vaccenate,5364432,6198-58-9,undefined,
233,VLKZOEOYAKHREP-UHFFFAOYSA-N,undefined,hexane,8058,110-54-3,odourless,
234,MGSRCZKZVOBKFT-UHFFFAOYSA-N,O rings,thymol,6989,89-83-8,repellent,
235,RWCCWEUUXYIKHB-UHFFFAOYSA-N,O rings,benzophenone,3102,119-61-9,undefined,
236,KFZMGEQAYNKOFK-UHFFFAOYSA-N,alcohols,isopropyl alcohol,3776,67-63-0,undefined,
237,CLUWOWRTHNNBBU-UHFFFAOYSA-N,undefined,methional,18635,3268-49-3,undefined,
238,NOOLISFMXDJSKH-KXUCPTDWSA-N,O rings,menthol,16666,89-78-1,undefined,
239,JLPUXFOGCDVKGO-GRYCIOLGSA-N,alcohols,geosmin,15559490,16423-19-1,undefined,aversive
240,BHHGXPLMPWCGHP-UHFFFAOYSA-N,undefined,2-phenylethylamine,1001,64-04-0,fermentation,
241,DKIDEFUBRARXTE-UHFFFAOYSA-N,undefined,3-mercaptopropanoate,6514,107-96-0,undefined,
242,FEXQDZTYJVXMOS-UHFFFAOYSA-N,undefined,isopropyl benzoate,13654,939-48-0,undefined,
243,HPNMFZURTQLUMO-UHFFFAOYSA-N,undefined,diethylamine,8021,109-89-7,unpleasant,
244,HVGZQCSMLUDISR-UHFFFAOYSA-N,undefined,phenylethyl propionate,31225,122-70-3,undefined,
245,ISWSIDIOOBJBQZ-UHFFFAOYSA-N,undefined,phenol,996,1336-35-2,unpleasant,
246,JMMWKPVZQRWMSS-UHFFFAOYSA-N,undefined,isopropyl acetate,7915,108-21-4,fruity,
247,JUJWROOIHBZHMG-UHFFFAOYSA-N,undefined,pyridine,1049,152758-95-7,repellent,
248,KDVFRMMRZOCFLS-UHFFFAOYSA-N,undefined,2-oxovaleric acid,74563,1821-02-9,undefined,
249,KGEKLUUHTZCSIP-HOSYDEDBSA-N,undefined,(-) bornyl acetate,93009,15313-72-1,undefined,
250,LFYXNXGVLGKVCJ-UHFFFAOYSA-N,undefined,2-methylisoborneol,16913,112548-27-3,repellent,
251,LGTLDEUQCOJGFP-WAYWQWQTSA-N,undefined,cis-3-hexenyl propionate,5365049,33467-74-2,undefined,
252,LZWFXVJBIZIHCH-UHFFFAOYSA-N,undefined,1-octen-3-yl butyrate,27892,16491-54-6,undefined,
253,MLLAPOCBLWUFAP-UHFFFAOYSA-N,undefined,isoamyl benzoate,7193,94-46-2,undefined,
254,MMOXZBCLCQITDF-UHFFFAOYSA-N,undefined,deet,4284,94271-03-1,repellent,
255,NGDNVOAEIVQRFH-UHFFFAOYSA-N,undefined,2-nonanol,12367,74683-66-2,pheromone,
256,NPFVOOAXDOBMCE-SNAWJCMRSA-N,undefined,trans-3-hexenyl acetate,15574,3681-82-1,undefined,
257,OCAIYHCKLADPEG-UHFFFAOYSA-N,undefined,isopropyl pentanoate,87598,18362-97-5,undefined,
258,PCWGTDULNUVNBN-UHFFFAOYSA-N,undefined,4-methyl pentanol,12296,1320-98-5,undefined,
259,PQLMXFQTAMDXIZ-UHFFFAOYSA-N,undefined,isoamyl butyrate,7795,106-27-4,undefined,
260,PXIKRTCSSLJURC-UHFFFAOYSA-N,undefined,2-methoxy-4-propyl phenol,17739,2785-87-7,undefined,
261,QUSNBJAOOMFDIB-UHFFFAOYSA-N,undefined,ethyl amine,6341,85404-16-6,unpleasant,
262,RHLVCLIPMVJYKS-UHFFFAOYSA-N,undefined,3-octanone,246728,106-68-3,fruity,
263,RSDDTPVXLMVLQE-UHFFFAOYSA-N,undefined,hexyl isovalerate,61455,10032-13-0,undefined,
264,UDEWPOVQBGFNGE-UHFFFAOYSA-N,undefined,propyl benzoate,16846,2315-68-6,fruity,
265,WLJVXDMOQOGPHL-UHFFFAOYSA-N,undefined,phenylacetic acid,999,103-82-2,fruity,
266,XAOGXQMKWQFZEM-UHFFFAOYSA-N,undefined,isoamyl propionate,7772,105-68-0,undefined,
267,XDEGQMQKHFPBEW-VMPITWQZSA-N,undefined,isobutyl tiglate,5367807,61692-84-0,undefined,
268,XVSZRAWFCDHCBP-UHFFFAOYSA-N,undefined,isopentyl hexanoate,16617,2198-61-0,undefined,
269,XXIKYCPRDXIMQM-UHFFFAOYSA-N,undefined,prenyl acetate,14489,1191-16-8,undefined,
270,YOMSJEATGXXYPX-UHFFFAOYSA-N,undefined,2-methoxy-4-vinyl phenol,332,7786-61-0,fruity,
271,ZKPTYCJWRHHBOW-UHFFFAOYSA-N,undefined,acetoin acetate,521246,4906-24-5,undefined,
272,ZOIRKXLFEHOVER-UHFFFAOYSA-N,undefined,isopropyl isopentanoate,61914,32665-23-9,undefined,
273,AMTITFMUKRZZEE-WAYWQWQTSA-N,undefined,cis-11-hexadecenal,5364495,53939-28-9,undefined,
274,ATHGHQPFGPMSJY-UHFFFAOYSA-N,undefined,spermidine,1102,124-20-9,unpleasant,
275,CDOSHBSSFJOMGT-JTQLQIEISA-N,undefined,(-)-linalool,6549,126-91-0,undefined,
276,DHMQDGOQFOQNFH-UHFFFAOYSA-N,undefined,glycine,750,56-40-6,unpleasant,
277,DPBLXKKOBLCELK-UHFFFAOYSA-N,undefined,pentylamine,8060,110-58-7,undefined,
278,DUFKCOQISQKSAV-UHFFFAOYSA-N,undefined,propylene glycol,32881,25322-69-4,undefined,
279,FQMZVFJYMPNUCT-YRNVUSSQSA-N,undefined,geranyl formate,7779,105-86-2,undefined,
280,GETQZCLCWQTVFV-UHFFFAOYSA-N,undefined,trimethylamine,1146,75-50-3,unpleasant,
281,HIGQPQRQIQDZMP-FLIBITNWSA-N,undefined,"cis-3,7-dimethyl-2,6-octadien-1-yl acetate",1549025,141-12-8,fruity,
282,HNZUNIKWNYHEJJ-FMIVXFBMSA-N,undefined,geranyl acetone,1549778,3796-70-1 ,pleasant,
283,HQABUPZFAYXKJW-UHFFFAOYSA-N,undefined,butylamine,8007,109-73-9,unpleasant,
284,KIPCKEJKGCXRGA-UHFFFAOYSA-N,undefined,2-ethylfenchol,71311522,18368-91-7,undefined,
285,KYQCOXFCLRTKLS-UHFFFAOYSA-N,undefined,pyrazine,9261,290-37-9,undefined,
286,PAFZNILMFXTMIY-UHFFFAOYSA-N,undefined,cyclohexylamine,7965,108-91-8,unpleasant,
287,PFNFFQXMRSDOHW-UHFFFAOYSA-N,undefined,spermine,1103,71-44-3,undefined,
288,QCCDLTOVEPVEJK-UHFFFAOYSA-N,undefined,phenylacetone,7678,103-79-7,undefined,
289,QDUXDCXILAPLAG-UHFFFAOYSA-N,undefined,n-methylpiperidine,12291,626-67-5,undefined,
290,QMVPMAAFGQKVCJ-JTQLQIEISA-N,undefined,(-)-beta-citronellol,7793,7540-51-4,undefined,
291,SATCULPHIDQDRE-UHFFFAOYSA-N,undefined,piperonal,8438,120-57-0,fruity,
292,TYEYBOSBBBHJIV-UHFFFAOYSA-N,undefined,2-oxobutyric acid,58,600-18-0,undefined,
293,UWKAYLJWKGQEPM-UHFFFAOYSA-N,undefined,linalyl acetate,8294,115-95-7,fruity,
294,VEXZGXHMUGYJMC-UHFFFAOYSA-N,undefined,hydrogen chloride,313,7647-01-0,unpleasant,
295,VTBOTOBFGSVRMA-UHFFFAOYSA-N,undefined,1-methylcyclohexanol,11550,590-67-0,undefined,
296,WEGYGNROSJDEIW-UHFFFAOYSA-N,undefined,3-acetylpyridine,9589,350-03-8,undefined,
297,WHUUTDBJXJRKMK-UHFFFAOYSA-N,undefined,glutamate,33032,56-86-0,fermentation,
298,WTARULDDTDQWMU-IUCAKERBSA-N,undefined,(-)-beta-pinene,440967,18172-67-3,undefined,
299,YHQGMYUVUMAZJR-UHFFFAOYSA-N,undefined,alpha-terpinene,7462,99-86-5,undefined,
300,YNQLUTRBYVCPMQ-UHFFFAOYSA-N,undefined,ethylbenzene,7500,100-41-4,repellent,
301,YXFVVABEGXRONW-UHFFFAOYSA-N,undefined,toluene,1140,108-88-3,unpleasant,
302,FWZUNOYOVVKUNF-UHFFFAOYSA-N,esters,prop-2-enyl acetate,11584,591-87-7,undefined,
303,QNVRIHYSUZMSGM-ZCFIWIBFSA-N,alcohols,(2R)-hexan-2-ol,6993810,26549-24-6,undefined,
304,MEIRRNXMZYDVDW-MQQKCMAXSA-N,alcohols,"hexa-2,4-dien-1-ol",8104,111-28-4,undefined,
305,YSNWHRKJEKWJNY-UHFFFAOYSA-N,esters,ethyl 3-methylsulfanylpropanoate,61592,13327-56-5,undefined,
306,CETWDUZRCINIHU-ZETCQYMHSA-N,alcohols,(2S)-heptan-2-ol,2724897,6033-23-4,undefined,
307,GMEONFUTDYJSNV-UHFFFAOYSA-N,esters,ethyl 4-oxopentanoate,10883,539-88-8,undefined,
308,JIGUQPWFLRLWPJ-UHFFFAOYSA-N,esters,ethyl prop-2-enoate,8821,140-88-5,fruity,
309,BHIWKHZACMWKOJ-UHFFFAOYSA-N,esters,methyl 2-methylpropanoate,11039,547-63-7,undefined,
310,WYACBZDAHNBPPB-UHFFFAOYSA-N,esters,diethyl oxalate,7268,95-92-1,undefined,
311,ZKQDCIXGCQPQNV-UHFFFAOYSA-N,undefined,chlorine,24341,7778-54-3,odourless,
312,CRVGTESFCCXCTH-UHFFFAOYSA-N,undefined,methyldiethanolamine,7767,105-59-9,unpleasant,
313,AKNUHUCEWALCOI-UHFFFAOYSA-O,undefined,ethyldiethanolamine,6950113,139-87-7,undefined,
314,OSPSWZSRKYCQPF-UHFFFAOYSA-N,undefined,diethyl phosphite,6327349,1809-19-4,undefined,
315,BDZBKCUKTQZUTL-UHFFFAOYSA-N,undefined,triethyl phosphite,31215,122-52-1,undefined,
316,DWCLXOREGBLXTD-UHFFFAOYSA-N,undefined,"2,3-dimethyl-2,3-dinitrobutane",77577,3964-18-9,undefined,
317,YIWUKEYIRIRTPP-UHFFFAOYSA-N,undefined,2-ethyl-1-hexanol,7720,104-76-7,pleasant,
318,VKYKSIONXSXAKP-UHFFFAOYSA-N,undefined,hexamine,4101,100-97-0,undefined,
319,MHAJPDPJQMAIIY-UHFFFAOYSA-N,undefined,hydrogen peroxide,784,7722-84-1,unpleasant,
320,GRYLNZFGIOXLOG-UHFFFAOYSA-N,undefined,nitric acid,944,7697-37-2,unpleasant,
321,LYGJENNIWJXYER-UHFFFAOYSA-N,undefined,nitromethane,6375,75-52-5,undefined,
322,WFDIJRYMOXRFFG-UHFFFAOYSA-N,undefined,acetic anhydride,7918,108-24-7,unpleasant,
323,ZHNUHDYFZUAESO-UHFFFAOYSA-N,undefined,formamide,713,75-12-7,unpleasant,
324,WGSVFWFSJDAYBM-BQYQJAHWSA-N,undefined,1-phenyl-2-nitropropene,1549520,705-60-2,undefined,
325,ZMQAAUBTXCXRIC-UHFFFAOYSA-N,undefined,safrole,5144,94-59-7,fruity,
326,FHIVAFMUCKRCQO-UHFFFAOYSA-N,undefined,diazinon,3017,333-41-5,repellent,
327,RDYMFSUJUZBWLH-UHFFFAOYSA-N,undefined,endosulfan,3224,115-29-7,undefined,
328,YLMGFJXSLBMXHK-UHFFFAOYSA-M,undefined,potassium perchlorate,24247,7778-74-7,undefined,
329,BAZAXWOYCMUHIX-UHFFFAOYSA-M,undefined,sodium perchlorate,24247,7601-89-0,undefined,
330,RWSOTUBLDIXVET-UHFFFAOYSA-N,undefined,sulfur,402,7704-34-9,fermentation,
331,XTFIVUDBNACUBN-UHFFFAOYSA-N,undefined,cyclotrimethylenetrinitramine,8490,121-82-4,odourless,
332,HMWPNDNFTFSCEB-UHFFFAOYSA-N,undefined,hexamethylene triperoxide-diamine,61101,283-66-9,undefined,
333,SNIOPGDIGTZGOP-UHFFFAOYSA-N,undefined,nitroglycerin,4510,55-63-0,undefined,
334,TZRXHJWUDPFEEY-UHFFFAOYSA-N,undefined,pentaerythritol tetranitrate,6518,78-11-5,undefined,
335,ZTLXICJMNFREPA-UHFFFAOYSA-N,undefined,triacetone triperoxide,4380970,17088-37-8,unpleasant,
336,SPSSULHKWOKEEL-UHFFFAOYSA-N,undefined,"2,4,6-trinitrotoluene",8376,118-96-7,undefined,
337,KVFIJIWMDBAGDP-UHFFFAOYSA-N,undefined,2-ethylpyrazine,26331,13925-00-3,undefined,
338,MHVIQJDXHDKUAM-UHFFFAOYSA-N,undefined,2-ethyl-5(6)-methylpyrazine,16220105,36731-41-6,undefined,
339,QUNOTZOHYZZWKQ-UHFFFAOYSA-N,undefined,2-acetyl-3-methylpyrazine,32093,23787-80-6,undefined,
340,BOFLOMVCGPWPQC-UHFFFAOYSA-N,undefined,"2-ethyl-3,(5 or 6)-dimethylpyrazine",16220104,27043-05-6,undefined,
341,WKSXRWSOSLGSTN-UHFFFAOYSA-N,undefined,2-methoxypyrazine,18467,3149-28-8,undefined,
342,LNIMMWYNSBZESE-UHFFFAOYSA-N,undefined,2-ethyl-3-methylpyrazine,27457,15707-23-0,undefined,
343,DPCILIMHENXHQX-UHFFFAOYSA-N,undefined,2-ethyl-3-methoxypyrazine,33135,25680-58-4,undefined,
344,GZXXANJCCWGCSV-UHFFFAOYSA-N,undefined,"2,3-diethylpyrazine",27458,15707-24-1,undefined,
345,GELVZYOEQVJIRR-UHFFFAOYSA-N,undefined,2-chloropyrazine,73277,14508-49-7,undefined,
346,PPJSYGVFDJEMRP-UHFFFAOYSA-N,undefined,2-acetyl-3-ethylpyrazine,61918,32974-92-8,undefined,
347,DBZAKQWXICEWNW-UHFFFAOYSA-N,undefined,2-acetylpyrazine,30914,131922-02-6,undefined,
348,YZEFQPIMXZVPKP-UHFFFAOYSA-N,undefined,"5h-5-methyl-6, 7-dihydrocyclopenta[b]pyrazine",32065,23747-48-0,undefined,
349,QMQDJVIJVPEQHE-UHFFFAOYSA-N,undefined,2-methoxy-3-(1-methylpropyl)pyrazine,520098,123625-20-7,undefined,
350,IAEGWXHKWJGQAZ-UHFFFAOYSA-N,undefined,"2,3,5-trimethylpyrazine",26808,124765-77-1,undefined,
351,ZHMIODDNZRIENW-UHFFFAOYSA-N,undefined,2-isobutyl-3-methylpyrazine,26333,13925-06-9,undefined,
352,HJFZAYHYIWGLNL-UHFFFAOYSA-N,undefined,"2,6-dimethylpyrazine",7938,108-50-9,undefined,
353,VKJIAEQRKBQLLA-UHFFFAOYSA-N,undefined,2-methoxy-3-methylpyrazine,17898,2847-30-5,undefined,
354,OXQOBQJCDNLAPO-UHFFFAOYSA-N,undefined,"2,3-dimethylpyrazine",22201,5910-89-4,undefined,
355,UCGOSAWBWFUKDT-UHFFFAOYSA-N,undefined,"2-acetyl-3,5(or 6)-dimethylpyrazine",104721,54300-08-2,undefined,
356,LCZUOKDVTBMCMX-UHFFFAOYSA-N,undefined,"2,5-dimethylpyrazine",31252,123-32-0,undefined,
357,FINHMKGKINIASC-UHFFFAOYSA-N,undefined,"2,3,5,6-tetramethylpyrazine",14296,87396-75-6,fermentation,
358,CAWHJQAVHZEVTJ-UHFFFAOYSA-N,undefined,2-methylpyrazine,7976,109-08-0,undefined,
359,QKVWBAMZPUHCMO-UHFFFAOYSA-N,undefined,pyrazineethanethiol,61945,35250-53-4,undefined,
360,AFFLGGQVNFXPEV-UHFFFAOYSA-N,undefined,1-decene,13381,872-05-9,unpleasant,
361,AIQLNKITFBJPFO-WAYWQWQTSA-N,undefined,cis-3-hexenyl 3-methylbutanoate,5367681,35154-45-1,undefined,
362,AJKVQEKCUACUMD-UHFFFAOYSA-N,undefined,2-acetylpyridine,14286,1122-62-9,undefined,
363,ARXJGSRGQADJSQ-UHFFFAOYSA-N,undefined,1-methoxy-2-propanol,7900,107-98-2,undefined,
364,AUKVIBNBLXQNIZ-UHFFFAOYSA-N,undefined,"2,4-dimethylheptane",16656,2213-23-2,undefined,
365,AXISYYRBXTVTFY-UHFFFAOYSA-N,undefined,isopropyl myristate,8042,110-27-0,undefined,
366,AXIUBBVSOWPLDA-UHFFFAOYSA-N,undefined,2-ethyl-p-xylene,15653,1758-88-9,undefined,
367,AYWJSCLAAPJZEF-UHFFFAOYSA-N,undefined,butyl isovalerate,7981,109-19-3,undefined,
368,AZQWKYJCGOJGHM-UHFFFAOYSA-N,undefined,p-benzoquinone,4650,106-51-4,unpleasant,
369,BATOPAZDIZEVQF-MQQKCMAXSA-N,undefined,"trans,trans-2,4-hexadienal",637564,142-83-6,undefined,
370,BAUZLFKYYIVGPM-UHFFFAOYSA-N,undefined,cyclononanone,76877,3350-30-9,undefined,
371,BCOXBEHFBZOJJZ-ARJAWSKDSA-N,aromatics,cis-3-hexenyl benzoate,5367706,25152-85-6,undefined,
372,BGHCVCJVXZWKCC-UHFFFAOYSA-N,undefined,tetradecane,12389,629-59-4,undefined,
373,BGTOWKSIORTVQH-UHFFFAOYSA-N,undefined,cyclopentanone,8452,120-92-3,unpleasant,
374,BHNHHSOHWZKFOX-UHFFFAOYSA-N,undefined,2-methylindole,7224,95-20-5,undefined,
375,BJQWYEJQWHSSCJ-UHFFFAOYSA-N,undefined,heptacosane,11636,593-49-7,undefined,
376,BLRHMMGNCXNXJL-UHFFFAOYSA-N,amines,1-methylindole,11781,603-76-9,unpleasant,
377,BMVXCPBXGZKUPN-UHFFFAOYSA-N,undefined,hexylamine,8102,111-26-2,unpleasant,
378,BNWJOHGLIBDBOB-UHFFFAOYSA-N,undefined,myristicin,4276,607-91-0,repellent,
379,BOTWFXYSPFMFNR-PYDDKJGSSA-N,undefined,phytol,5280435,7541-49-3,fermentation,
380,BQOFWKZOCNGFEC-BDAKNGLRSA-N,undefined,(1S)-(+)-3-carene,443156,498-15-7,undefined,neutral
381,BSYNRYMUTXBXSQ-UHFFFAOYSA-N,undefined,acetylsalicylic acid,2244,50-78-2,unpleasant,
382,BTSIZIIPFNVMHF-ARJAWSKDSA-N,undefined,cis-2-penten-1-ol,5364919,1576-95-0,undefined,
383,BWVZAZPLUTUBKD-UHFFFAOYSA-N,undefined,"3-[5,5,6-trimethylbicyclo[2.2.1]hept-2-yl]cyclohexan-1-ol",103005,3407-42-9,undefined,
384,BXWNKGSJHAJOGX-UHFFFAOYSA-N,undefined,1-hexadecanol,2682,36653-82-4,undefined,
385,CBJPZHSWLMJQRI-UHFFFAOYSA-N,undefined,furfuryl disulfide,20499,4437-20-1,undefined,
386,CCCMONHAUSKTEQ-UHFFFAOYSA-N,undefined,1-octadecene,8217,112-88-9,undefined,
387,CDOSHBSSFJOMGT-SNVBAGLBSA-N,undefined,S-(+)linalool,67179,126-90-9,undefined,
388,CERQOIWHTDAKMF-UHFFFAOYSA-N,undefined,methacrylic acid,4093,79-41-4,unpleasant,
389,CFAKWWQIUFSQFU-UHFFFAOYSA-N,undefined,2-hydroxy-3-methyl-2-cyclopenten-1-one,6660,80-71-7,undefined,
390,CHLICZRVGGXEOD-UHFFFAOYSA-N,undefined,4-methyl anisole,7731,104-93-8,undefined,
391,CKLJMWTZIZZHCS-UHFFFAOYSA-N,undefined,l-aspartic acid,424,56-84-8,unpleasant,
392,CPLJMYOQYRCCBY-UHFFFAOYSA-N,undefined,2-n-propylfuran,77907,4229-91-8,undefined,
393,CRPUJAZIXJMDBK-DTWKUNHWSA-N,undefined,(+)-camphene,92221,5794-03-6,undefined,
394,CRPUJAZIXJMDBK-BDAKNGLRSA-N,undefined,(-)-camphene,440966,5794-04-7,undefined,
395,CTQNGGLPUBDAKN-UHFFFAOYSA-N,undefined,o-xylene,7237,95-47-6,undefined,
396,CXENHBSYCFFKJS-VDQVFBMKSA-N,terpenes,farnesene,5281516,502-61-4,fruity,
397,CXWXQJXEFPUFDZ-UHFFFAOYSA-N,undefined,"1,2,3,4-tetrahydronaphthalene",8404,119-64-2,unpleasant,
398,CZASMUMJSKOHFJ-UHFFFAOYSA-N,undefined,1-bromoeicosane,20271,4276-49-7,undefined,
399,DCAYPVUWAIABOU-UHFFFAOYSA-N,undefined,hexadecane,11006,544-76-3,undefined,
400,DFYRUELUNQRZTB-UHFFFAOYSA-N,aromatics,acetovanillone,2214,498-02-2,pleasant,
401,DGVVWUTYPXICAM-UHFFFAOYSA-N,sulfides,2-mercaptoethanol,1567,60-24-2,unpleasant,
402,DJOCFLQKCMWABC-UHFFFAOYSA-N,undefined,2-pentyl butyrate,43263,60415-61-4,undefined,
403,DLVYTANECMRFGX-UHFFFAOYSA-N,undefined,4-hydroxy-5-methyl-3-furanone,4564493,19322-27-1,undefined,
404,DNIAPMSPPWPWGF-UHFFFAOYSA-N,alcohols,"1,2-propanediol",1030,57-55-6,pleasant,
405,DSSYKIVIOFKYAU-OMNKOJBGSA-N,undefined,(-)-camphor,10050,464-48-2,undefined,
406,DSSYKIVIOFKYAU-UHFFFAOYSA-N,undefined,camphor (+ -),2537,76-22-2,repellent,
407,DTGKSKDOIYIVQL-XKSSXDPKSA-N,undefined,isoborneol,61060,124-76-5,undefined,
408,DTGKSKDOIYIVQL-ZCUBBSJVSA-N,undefined,(+)-borneol,439568,464-43-7,undefined,
409,DTGXDHGNUDOWJS-UHFFFAOYSA-N,undefined,4-pentenyl butanoate,520485,30563-31-6,undefined,
410,DYLPEFGBWGEFBB-OSFYFWSMSA-N,undefined,(+)-beta-cedrene,11106485,546-28-1,repellent,
411,DZAUWHJDUNRCTF-UHFFFAOYSA-N,undefined,"3,4-dihydroxyhydrocinnamic acid",348154,1078-61-1,undefined,
412,FGKJLKRYENPLQH-UHFFFAOYSA-N,undefined,4-methylvaleric acid,12587,646-07-1,undefined,
413,FGPPDYNPZTUNIU-UHFFFAOYSA-N,undefined,pentyl valerate,62433,2173-56-0,fruity,
414,FHKSXSQHXQEMOK-LURJTMIESA-N,undefined,"1,2- hexanediol",7017948,6920-22-5,undefined,
415,FIGVVZUWCLSUEI-UHFFFAOYSA-N,undefined,tricosane,12534,638-67-5,undefined,
416,FNAZRRHPUDJQCJ-UHFFFAOYSA-N,undefined,heneicosan,12403,629-94-7,undefined,
417,FQTLCLSUCSAZDY-SDNWHVSQSA-N,undefined,trans-nerolidol,5284507,40716-66-3,fruity,
418,FUDNBFMOXDUIIE-JTQLQIEISA-N,undefined,(-)-beta-citronellene,10997105,10281-56-8,undefined,
419,FUGYGGDSWSUORM-UHFFFAOYSA-N,aromatics,4-vinylphenol,62453,2628-17-3,fermentation,
420,GDWRKZLROIFUML-UHFFFAOYSA-N,aromatics,4-phenyl-2-butanol,61302,2344-70-9,undefined,
421,GEWDNTWNSAZUDX-WQMVXFAESA-N,undefined,methyl jasmonate,5281929,1211-29-6,fruity,
422,GHVNFZFCNZKVNT-UHFFFAOYSA-N,undefined,decanoic acid,2969,334-48-5,fruity,
423,GJWSUKYXUMVMGX-UHFFFAOYSA-N,undefined,citronellic acid,10402,502-47-6,undefined,
424,GLDOVTGHNKAZLK-UHFFFAOYSA-N,undefined,1-octadecanol,8221,112-92-5,unpleasant,
425,GRHQDJDRGZFIPO-UHFFFAOYSA-N,undefined,4-bromobutyric acid,75809,2623-87-2,undefined,
426,GWHJZXXIDMPWGX-UHFFFAOYSA-N,undefined,"1,2,4-trimethylbenzene",7247,95-63-6,undefined,
427,GXANMBISFKBPEX-ARJAWSKDSA-N,undefined,cis-3-hexanal,643941,6789-80-6,undefined,
428,GYCKQBWUSACYIF-UHFFFAOYSA-N,undefined,ethyl salicylate,8365,118-61-6,undefined,
429,HFJRKMMYBMWEAD-UHFFFAOYSA-N,undefined,dodecyl aldehyde,8194,112-54-9,undefined,
430,HFLGBNBLMBSXEM-UHFFFAOYSA-N,undefined,4-ethylcatechol,70761,1124-39-6,undefined,
431,HHVIBTZHLRERCL-UHFFFAOYSA-N,undefined,dimethyl sulfone,6213,67-71-0,fruity,
432,HITOXZPZGPXYHY-UJURSFKZSA-N,undefined,levoglucosenone,699486,37112-31-5,undefined,
433,HLZKNKRTKFSKGZ-UHFFFAOYSA-N,undefined,1-tetradecanol,8209,112-72-1,fruity,
434,HMNKTRSOROOSPP-UHFFFAOYSA-N,aromatics,3-ethylphenol,12101,620-17-7,undefined,
435,HMSWAIKSFDFLKN-UHFFFAOYSA-N,undefined,hexacosane,12407,630-01-3,undefined,
436,HNJBEVLQSNELDL-UHFFFAOYSA-N,undefined,2-pyrrolidinone,12025,616-45-5,undefined,
437,HOWGUJZVBDQJKV-UHFFFAOYSA-N,undefined,docosane,12405,629-97-0,undefined,
438,HRGPYCVTDOECMG-WALBABNVSA-N,esters,methyl cedryl ether,88288,19870-74-7,undefined,
439,HTSABYAWKQAHBT-UHFFFAOYSA-N,undefined,"3-methylcyclohexanol, mixture of cis and trans",11566,591-23-1,undefined,
440,HYFLWBNQFMXCPA-UHFFFAOYSA-N,undefined,2-ethyltoluene,11903,611-14-3,undefined,
441,IAIHUHQCLTYTSF-OYNCUSHFSA-N,undefined,(1R)-endo-(+)-fenchyl alcohol,6997371,2217-02-9,undefined,
442,IEPWIPZLLIOZLU-ONEGZZNKSA-N,undefined,cis-3-hexenyl salicylate,6021887,65405-77-8,undefined,
443,IGIDLTISMCAULB-UHFFFAOYSA-N,undefined,3-methylpentanoic acid,7755,105-43-1,undefined,
444,IHPKGUQCSIINRJ-CSKARUKUSA-N,terpenes,ocimene,5281553,13877-91-3,undefined,
445,IHPKGUQCSIINRJ-NTMALXAHSA-N,undefined,Z-(beta)-ocimene,5320250,3338-55-4,undefined,
446,IOJUPLGTWVMSFF-UHFFFAOYSA-N,undefined,benzothiazole,7222,95-16-9,repellent,
447,IPCSVZSSVZVIGE-UHFFFAOYSA-N,undefined,palmitic acid,985,57-10-3,fruity,
448,IRAQOCYXUMOFCW-OSFYFWSMSA-N,undefined,(-)-alpha-cedrene,6431015,469-61-4,repellent,
449,IVSZLXZYQVIEFR-UHFFFAOYSA-N,undefined,m-xylene,7929,108-38-3,undefined,
450,IWTBVKIGCDZRPL-UHFFFAOYSA-N,undefined,3-methyl-1-pentanol,11508,589-35-5,undefined,
451,JDQVBGQWADMTAM-UHFFFAOYSA-N,aromatics,phenethyl isobutyrate,7655,103-48-0,undefined,
452,JGMYDQCXGIMHLL-WAYWQWQTSA-N,undefined,Z-11-hexadecenoic acid,5312414,2416-20-8,undefined,
453,JJYWRQLLQAKNAD-SNAWJCMRSA-M,undefined,2-methyl-2-pentenoic acid,7006461,3142-72-1,undefined,
454,JKOTZBXSNOGCIF-UHFFFAOYSA-N,undefined,1-bromopentadecane,12394,629-72-1,undefined,
455,JNWQKXUWZWKUAY-BAGHCZIJSA-N,undefined,cis-3-hexenyl tiglate,6435033,67883-79-8,undefined,
456,JRLPEMVDPFPYPJ-UHFFFAOYSA-N,undefined,4-ethyl toluene,12160,622-96-8,undefined,
457,JVTAAEKCZFNVCJ-REOHCLBHSA-N,undefined,l-(+)-lactic acid,107689,79-33-4,fruity,
458,KDSNLYIMUZNERS-UHFFFAOYSA-N,undefined,isobutylamine,6558,78-81-9,undefined,
459,KEBDNKNVCHQIJU-UHFFFAOYSA-N,undefined,isobutyl isovalerate,11514,589-59-3,undefined,
460,KFZXVMNBUMVKLN-UHFFFAOYSA-N,undefined,4-chloro-2-isopropyl-5-methylphenol,6982,89-68-9,undefined,
461,KGEKLUUHTZCSIP-UHFFFAOYSA-N,terpenes,bornyl acetate,6448,76-49-3,repellent,
462,KGWPHCDTOLQQEP-UHFFFAOYSA-N,undefined,7-methylindole,70275,933-67-5,undefined,
463,KITGYVIOYOCIIE-PTFSRLPTSA-N,undefined,cis-2-hexenyl crotonate,6436990,65405-80-3,undefined,
464,KMPQYAYAQWNLME-UHFFFAOYSA-N,undefined,undecanal,8186,112-44-7,undefined,
465,KRIOVPPHQSLHCZ-UHFFFAOYSA-N,undefined,propiophenone,7148,93-55-0,pleasant,
466,KSEBMYQBYZTDHS-HWKANZROSA-N,undefined,ferulic acid,445858,537-98-4,unpleasant,
467,KSXTZYRIJKDCEA-UHFFFAOYSA-N,undefined,"3,7-dimethyl-1-octene",21085,4984-01-4,undefined,
468,KWKAKUADMBZCLK-UHFFFAOYSA-N,undefined,1-octene,8125,111-66-0,unpleasant,
469,KYWIYKKSMDLRDC-UHFFFAOYSA-N,undefined,2-undecanone,8163,112-12-9,repellent,
470,KYZHGEFMXZOSJN-UHFFFAOYSA-N,aromatics,isobutyl benzoate,61048,120-50-3,undefined,
471,LCOSCMLXPAQCLQ-UHFFFAOYSA-N,undefined,beta-himachalene,15095,1461-03-6,undefined,
472,LGYNIFWIKSEESD-UHFFFAOYSA-N,undefined,2-ethyl hexanal,31241,123-05-7,undefined,
473,LLHKCFNBLRBOGN-UHFFFAOYSA-N,undefined,propylene glycol monomethyl ether acetate,7946,108-65-6,undefined,
474,LPWKTEHEFDVAQS-VOTSOKGWSA-N,undefined,trans-2-hexenyl propionate,5352463,53398-80-4,undefined,
475,LQKRYVGRPXFFAV-UHFFFAOYSA-N,undefined,ethyl 3-methyl-3-phenylglycidate,6501,77-83-8,undefined,
476,LUYISICIYVKBTA-UHFFFAOYSA-N,undefined,6-methylquinoline,7059,91-62-3,undefined,
477,LVSQXDHWDCMMRJ-UHFFFAOYSA-N,undefined,4-hydroxy-2-butanone,111509,590-90-9,undefined,
478,LZCLXQDLBQLTDK-BYPYZUCNSA-N,undefined,(-)-ethyl l-lactate,92831,687-47-8,undefined,
479,MFKRHJVUCZRDTF-UHFFFAOYSA-N,undefined,3-methoxy-3-methyl-1-butanol,62118,56539-66-3,undefined,
480,MIJDSYMOBYNHOT-UHFFFAOYSA-N,undefined,2-(ethylamino)ethanol,8072,110-73-6,undefined,
481,MNDIARAMWBIKFW-UHFFFAOYSA-N,undefined,1-bromohexane,8101,111-25-1,undefined,
482,MPKOLWUWOADQCX-BMRADRMJSA-N,undefined,alpha-pentylcinnamaldehyde diethyl acetal,5875676,60763-41-9,undefined,
483,MSXVEPNJUHWQHW-UHFFFAOYSA-N,undefined,2-methyl-2-butanol,6405,75-85-4,fermentation,
484,MUXOBHXGJLMRAB-UHFFFAOYSA-N,undefined,dimethyl succinate,7820,106-65-0,undefined,
485,MYMSJFSOOQERIO-UHFFFAOYSA-N,undefined,1-bromodecane,8173,112-29-8,undefined,
486,NDVASEGYNIMXJL-UHFFFAOYSA-N,undefined,(+/-)-sabinene,18818,3387-41-5,repellent,
487,NGSWKAQJJWESNS-ZZXKWVIFSA-N,undefined,p-coumaric acid,637542,501-98-4,fermentation,
488,NHKIYYMFGJBOTK-UHFFFAOYSA-N,undefined,"2,5-dimethyl-2,5-dihydroxy-1,4-dithiane",62105,55704-78-4,undefined,
489,NIXOWILDQLNWCW-UHFFFAOYSA-N,undefined,acrylic acid,6581,79-10-7,fermentation,
490,NKCQEIXYLHACJC-UHFFFAOYSA-N,undefined,6-isopropylquinoline,67285,135-79-5,undefined,
491,NMHMNPHRMNGLLB-UHFFFAOYSA-N,undefined,3-(4-hydroxyphenyl)propionic acid,10394,501-97-3,undefined,
492,NNWHUJCUHAELCL-SNAWJCMRSA-N,undefined,methyl isoeugenol,637776,93-16-3,undefined,
493,NSSALFVIQPAIQK-BQYQJAHWSA-N,undefined,cis-2-nonen-1-ol,5364941,22104-79-6,undefined,
494,NVEQFIOZRFFVFW-RGCMKSIDSA-N,undefined,(-)-caryophyllene oxide,1742210,1139-30-6,undefined,
495,NVRVNSHHLPQGCU-UHFFFAOYSA-M,undefined,6-bromohexanoic acid,20210,4224-70-8,undefined,
496,NWZQCEQAPBRMFX-UHFFFAOYSA-N,undefined,isobutyl-2-methylbutyrate,102820,2445-67-2,undefined,
497,OCWLYWIFNDCWRZ-UHFFFAOYSA-N,undefined,methyl 2-methylbutyrate,13357,868-57-5,undefined,
498,ODLMAHJVESYWTB-UHFFFAOYSA-N,undefined,propyl benzene,7668,103-65-1,undefined,
499,ODNRTOSCFYDTKF-UHFFFAOYSA-N,undefined,"1,3,5-trimethylcyclohexane",35364,1839-63-0,undefined,
500,OGLDWXZKYODSOB-SNVBAGLBSA-N,terpenes,alpha-phellandrene,442482,99-83-2,undefined,
501,OHEFFKYYKJVVOX-MRVPVSSYSA-N,undefined,(R)-6-methyl-5-hepten-2-ol,6971128,58917-27-4,undefined,
502,OHEFFKYYKJVVOX-QMMMGPOBSA-N,undefined,(S)-6-methyl-5-hepten-2-ol,6971127,58917-26-3,undefined,
503,OHEFFKYYKJVVOX-UHFFFAOYSA-N,undefined,(+-)-6-methyl-5-hepten-2-ol,20745,1569-60-4,undefined,
504,OJVAMHKKJGICOG-UHFFFAOYSA-N,undefined,"2,5-hexanedione",8035,110-13-4,undefined,
505,OKJPEAGHQZHRQV-UHFFFAOYSA-N,undefined,iodoform,6374,75-47-8,unpleasant,
506,ONKNPOPIGWHAQC-UHFFFAOYSA-N,undefined,galaxolide,91497,1222-05-5,fruity,
507,OPFTUNCRGUEPRZ-UHFFFAOYSA-N,undefined,beta-elemene,10583,33880-83-0,undefined,
508,OSMAJVWUIUORGC-WAYWQWQTSA-N,undefined,cis-3-hexenyl isobutyrate,5352539,41519-23-7,undefined,
509,OTKQNSSMCDLVQV-UHFFFAOYSA-N,undefined,butyl 2-methylbutyrate,61812,15706-73-7,undefined,
510,OUYCCCASQSFEME-UHFFFAOYSA-N,undefined,l-tyrosine,1153,60-18-4,undefined,
511,OVJCOXQJBRJIRJ-OVCLIPMQSA-N,undefined,maritima,6441026,38462-23-6,undefined,
512,PCGACKLJNBBQGM-VOTSOKGWSA-N,undefined,trans-2-hexenyl butyrate,5352461,53398-83-7,undefined,
513,PDSNLYSELAIEBU-UHFFFAOYSA-N,undefined,(+)-longifolene,289151,475-20-7,undefined,
514,PHXATPHONSXBIL-JTQLQIEISA-N,undefined,undecanoic -gamma-lactone,441644,104-67-6,undefined,
515,PIICEJLVQHRZGT-UHFFFAOYSA-N,undefined,ethylenediamine,3301,107-15-3,unpleasant,
516,POAOYUHQDCAZBD-UHFFFAOYSA-N,undefined,ethylene glycol butyl ether,8133,111-76-2,unpleasant,
517,POOSGDOYLQNASK-UHFFFAOYSA-N,undefined,tetracosane,12592,646-31-1,undefined,
518,POULHZVOKOAJMA-UHFFFAOYSA-N,undefined,dodecanoic acid,3893,143-07-7,unpleasant,
519,PPBRXRYQALVLMV-UHFFFAOYSA-N,undefined,styrene,7501,100-42-5,pleasant,
520,QAIPRVGONGVQAS-RQOWECAXSA-N,acids,caffeic acid,1549111,331-39-5,undefined,
521,QAOXMQCWUWZZNC-ONEGZZNKSA-M,undefined,4-methyl-2-pentenoic acid,6930847,10321-71-8,undefined,
522,QARVLSVVCXYDNA-UHFFFAOYSA-N,undefined,bromobenzene,7961,108-86-1,undefined,
523,QCDWFXQBSFUVSP-UHFFFAOYSA-N,aromatics,2-phenoxyethanol,31236,122-99-6,repellent,
524,QEBNYNLSCGVZOH-UHFFFAOYSA-N,terpenes,valencene,288227,4630-07-3,undefined,
525,QIQXTHQIDYTFRH-UHFFFAOYSA-N,undefined,stearic acid,5281,57-11-4,undefined,
526,QJJDNZGPQDGNDX-UHFFFAOYSA-N,undefined,dihydro-beta-ionone,519382,17283-81-7,undefined,
527,QJQZRLXDLORINA-UHFFFAOYSA-N,undefined,2-cyclohexylethanol,20508,4442-79-9,undefined,
528,QKNZNUNCDJZTCH-UHFFFAOYSA-N,aromatics,n-pentyl benzoate,16296,2049-96-9,undefined,
529,QPRQEDXDYOZYLA-UHFFFAOYSA-N,undefined,2-methyl-1-butanol,8723,137-32-6,fruity,
530,QUEBYVKXYIKVSO-UHFFFAOYSA-N,undefined,3-propyltoluene,14092,1074-43-7,undefined,
531,QYDYPVFESGNLHU-ZHACJKMWSA-N,undefined,methyl oleate,5280590,112-62-9,undefined,
532,REIUXOLGHVXAEO-UHFFFAOYSA-N,undefined,1-pentadecanol,12397,629-76-5,undefined,
533,RFFLAFLAYFXFSW-UHFFFAOYSA-N,undefined,o-dichlorobenzene,7239,95-50-1,repellent,
534,RGACQXBDYBCJCY-ALCCZGGFSA-N,undefined,cis-3-hexenyl hexanoate,5352543,31501-11-8,undefined,
535,RGFNRWTWDWVHDD-UHFFFAOYSA-N,undefined,isobutyl butyrate,10885,539-90-2,undefined,
536,RHVMNRHQWXIJIS-WAYWQWQTSA-N,undefined,Z-11-hexadecen-1-ol,5283305,56683-54-6,undefined,
537,RRHGJUQNOFWUDK-UHFFFAOYSA-N,undefined,isoprene,6557,78-79-5,undefined,
538,RSJKGSCJYJTIGS-UHFFFAOYSA-N,undefined,undecane,14257,1120-21-4,undefined,
539,RTZZCYNQPHTPPL-UHFFFAOYSA-N,undefined,3-nitrophenol,11137,554-84-7,undefined,
540,RWGFKTVRMDUZSP-UHFFFAOYSA-N,undefined,cumene,7406,98-82-8,undefined,
541,RXGUIWHIADMCFC-UHFFFAOYSA-N,undefined,isobutyl isobutyrate,7351,97-85-8,undefined,
542,SECXISVLQFMRJM-UHFFFAOYSA-N,undefined,1-methyl-2-pyrrolidinone,13387,872-50-4,undefined,
543,SESFRYSPDFLNCH-UHFFFAOYSA-N,aromatics,benzyl benzoate,2345,120-51-4,repellent,
544,SGVYKUFIHHTIFL-UHFFFAOYSA-N,undefined,2-methylnonane,13379,871-83-0,undefined,
545,SNICXCGAKADSCV-JTQLQIEISA-N,undefined,l-(-)-nicotine,89594,54-11-5,repellent,
546,SNRUBQQJIBEYMU-UHFFFAOYSA-N,undefined,dodecane,8182,112-40-3,undefined,
547,SQIPCPAQCPMJFW-UHFFFAOYSA-N,undefined,3-methyl-2-butenyl butanoate,530923,71820-56-9,undefined,
548,STJIISDMSMJQQK-UHFFFAOYSA-N,undefined,furan-3-methanol,20449,4412-91-3,undefined,
549,SWXVUIWOUIDPGS-UHFFFAOYSA-N,undefined,4-hydroxy-4-methyl-2-pentanone,31256,123-42-2,odourless,
550,SXOZDDAFVJANJP-UHFFFAOYSA-N,undefined,cyclodecanone,73918,1502-06-3,undefined,
551,SYBYTAAJFKOIEJ-UHFFFAOYSA-N,undefined,3-methyl-2-butanone,11251,563-80-4,undefined,
552,SYDNSSSQVSOXTN-UHFFFAOYSA-N,aromatics,4-methyl-2-nitrophenol,8391,119-33-5,undefined,
553,TUNFSRHWOTWDNC-UHFFFAOYSA-N,undefined,myristic acid,11005,544-63-8,fruity,
554,TWLLPUMZVVGILS-UHFFFAOYSA-N,undefined,ethyl 2-aminobenzoate,6877,87-25-2,undefined,
555,UBLAMKHIFZBBSS-UHFFFAOYSA-N,undefined,isoamyl valerate,74901,2050-09-1,undefined,
556,UEEJHVSXFDXPFK-UHFFFAOYSA-N,undefined,2-dimethylaminoethanol,7902,108-01-0,undefined,
557,UFWIBTONFRDIAS-UHFFFAOYSA-N,undefined,naphthalene,931,91-20-3,repellent,
558,UIERETOOQGIECD-ARJAWSKDSA-N,undefined,2-methyl-cis-2-butenoic acid,643915,565-63-9,unpleasant,
559,UIERETOOQGIECD-ONEGZZNKSA-N,undefined,trans-2-methyl-2-butenoic acid,125468,80-59-1,undefined,
560,UIUWNILCHFBLEQ-NSCUHMNNSA-N,undefined,3-pentenoic acid,5282706,5204-64-8,undefined,
561,UJPPXNXOEVDSRW-UHFFFAOYSA-N,undefined,isopropyl laurate,25068,10233-13-3,undefined,
562,UNNGUFMVYQJGTD-UHFFFAOYSA-N,undefined,2-ethylbutyraldehyde,7359,97-96-1,undefined,
563,UPMAOXLCTXPPAG-UHFFFAOYSA-N,undefined,decahydro-2-naphthol,13216,825-51-4,undefined,
564,UPOSSYJVWXLPTA-UHFFFAOYSA-N,undefined,cyclounedecanone,13420,878-13-7,undefined,
565,UQPLEMTXCSYMEK-VQHVLOKHSA-N,undefined,n-caproic acid trans-2-hexen-1-yl ester,5352973,53398-86-0,undefined,
566,URAYPUMNDPQOKB-UHFFFAOYSA-N,undefined,triacetin,5541,102-76-1,odourless,
567,URLKBWYHVLBVBO-UHFFFAOYSA-N,undefined,p-xylene anhydrous,7809,106-42-3,undefined,
568,UVZICZIVKIMRNE-UHFFFAOYSA-N,undefined,thiodiacetic acid,31277,123-93-3,undefined,
569,UXUPPWPIGVTVQI-UHFFFAOYSA-N,undefined,isobutyl hexanoate,7775,105-79-3,undefined,
570,VAMXMNNIEUEQDV-UHFFFAOYSA-N,undefined,methyl 2-aminobenzoate,8635,134-20-3,fruity,
571,VBCIOOKAKHGVMI-UHFFFAOYSA-N,undefined,5-methyl-5-hexen-2-one,228604,3240-09-3,undefined,
572,VDHRTASWKDTLER-ARJAWSKDSA-N,undefined,cis-5-octen-1-ol,5352837,64275-73-6,undefined,
573,VGIRHYHLQKDEPP-UHFFFAOYSA-N,undefined,isoamyl 2-methylbutyrate,520326,27625-35-0,undefined,
574,VGMJYYDKPUPTID-UHFFFAOYSA-N,aromatics,4-ethylresorcinol,17927,2896-60-8,undefined,
575,VHOMAPWVLKRQAZ-UHFFFAOYSA-N,undefined,benzyl propionate,31219,122-63-4,undefined,
576,VLXDPFLIRFYIME-ZPWMNFGTSA-N,undefined,(-)-a-copaene,442355,3856-25-5,undefined,
577,VONGZNXBKCOUHB-UHFFFAOYSA-N,aromatics,benzyl butyrate,7650,103-37-7,undefined,
578,VSMOENVRRABVKN-QMMMGPOBSA-N,undefined,(R)-(-)-1-octen-3-ol,6992244,3687-48-7,undefined,
579,VTWDKFNVVLAELH-UHFFFAOYSA-N,undefined,p-toluquinone,11122,553-97-9,undefined,
580,WBRFDUJXCLCKPX-UHFFFAOYSA-N,undefined,"2,3-dimethyl heptane",26375,3074-71-3,undefined,
581,WERYXYBDKMZEQL-UHFFFAOYSA-N,undefined,"1,4-butanediol",8064,110-63-4,undefined,
582,WGGJTPQHVFOGPN-PLNGDYQASA-N,undefined,cis-2-penten-1-yl acetate,5363400,42125-10-0,undefined,
583,WGYKZJWCGVVSQN-UHFFFAOYSA-N,undefined,propylamine,7852,107-10-8,undefined,
584,WHWDWIHXSPCOKZ-UHFFFAOYSA-N,undefined,"6,10,14-trimethyl-2-pentadecanone",10408,502-69-2,undefined,
585,WLAMNBDJUVNPJU-UHFFFAOYSA-N,undefined,(+-)-2-methylbutyric acid,8314,116-53-0,undefined,
586,WNJSKZBEWNVKGU-UHFFFAOYSA-N,aromatics,phenylacetaldehyde dimethyl acetal,60995,101-48-4,undefined,
587,WNXNUPJZWYOKMW-UHFFFAOYSA-N,undefined,5-bromovaleric acid,16368,2067-33-6,undefined,
588,WQOXQRCZOLPYPM-UHFFFAOYSA-N,undefined,dimethyl disulfide,12232,624-92-0,fruity,
589,WRFZKAGPPQGDDQ-UHFFFAOYSA-N,undefined,amyl hexanoate,10886,540-07-8,undefined,
590,CCEFMUBVSUDRLG-XNWIYYODSA-N,undefined,(+)-limonene oxide,441245,203719-54-4,undefined,
591,WTOYNNBCKUYIKC-JMSVASOKSA-N,undefined,(+)-nootkatone,1268142,4674-50-4,fruity,
592,WTTJVINHCBCLGX-NQLNTKRDSA-N,undefined,methyl linoleate,5284421,112-63-0,undefined,
593,WXCMHFPAUCOJIG-UHFFFAOYSA-N,undefined,musk ketone,6669,81-14-1,undefined,
594,XCYJPXQACVEIOS-UHFFFAOYSA-N,aromatics,m-cymene,10812,535-77-3,undefined,
595,XEAIHUDTEINXFG-SNAWJCMRSA-N,undefined,methyl trans-3-hexenoate,5362782,2396-78-3,undefined,
596,XFRVVPUIAFSTFO-UHFFFAOYSA-N,undefined,1-tridecanol,8207,112-70-9,undefined,
597,XINCECQTMHSORG-UHFFFAOYSA-N,undefined,isoamyl isovalerate,12613,659-70-1,undefined,
598,XJHQVZQZUGLZLS-ARJAWSKDSA-N,undefined,cis-3-hexenyl formate,5365587,33467-73-1,undefined,
599,XOAAWQZATWQOTB-UHFFFAOYSA-N,undefined,taurine,1123,107-35-7,unpleasant,
600,XPFTVTFOOTVHIA-FNORWQNLSA-N,undefined,hexenyl-cis-3-valerate,5352976,35852-46-1,undefined,
601,XPFVYQJUAUNWIW-UHFFFAOYSA-N,alcohols,furfuryl alcohol,7361,98-00-0,unpleasant,
602,XSIFPSYPOVKYCO-UHFFFAOYSA-N,aromatics,butyl benzoate,8698,136-60-7,undefined,
603,XUGNVMKQXJXZCD-UHFFFAOYSA-N,undefined,isopropyl palmitate,8907,142-91-6,undefined,
604,XUWHAWMETYGRKB-UHFFFAOYSA-N,undefined,d-valerolactam,12665,675-20-7,undefined,
605,XXHDAWYDNSXJQM-ARJAWSKDSA-N,undefined,"3-hexenoic acid, (3z)-",5355152,1775-43-5,undefined,
606,XXHDAWYDNSXJQM-ONEGZZNKSA-N,undefined,trans-3-hexenoic acid,5282708,1577-18-0,undefined,
607,YFTHZRPMJXBUME-UHFFFAOYSA-N,undefined,tripropylamine,7616,102-69-2,undefined,
608,YKFLAYDHMOASIY-UHFFFAOYSA-N,terpenes,gamma-terpinene,7461,99-85-4,undefined,
609,YKNWIILGEFFOPE-UHFFFAOYSA-N,undefined,pentacosane,12406,629-99-2,undefined,
610,YMWUJEATGCHHMB-UHFFFAOYSA-N,undefined,dichloromethane,6344,1975-09-02,pleasant,
611,YPKBCLZFIYBSHK-UHFFFAOYSA-N,undefined,5-methylindole,11978,614-96-0,undefined,
612,YRKCREAYFQTBPV-UHFFFAOYSA-N,undefined,acetylacetone,31261,123-54-6,undefined,
613,YSHXMTRDMDYAEC-UHFFFAOYSA-N,undefined,6-pentadecanone,70476,1001-45-2,undefined,
614,YSJHMPXIMIOXGU-UHFFFAOYSA-N,undefined,vertenol-iso-butyrate,173535,76649-23-5,undefined,
615,YTHRBOFHFYZBRJ-UHFFFAOYSA-N,undefined,(-)-carvenyl acetate,7335,97-42-7,undefined,
616,YWHLKYXPLRWGSE-UHFFFAOYSA-N,undefined,dimethyl trisulfide,19310,3658-80-8,unpleasant,
617,YYPNJNDODFVZLE-UHFFFAOYSA-N,undefined,"3,3-dimethylacrylic acid",10931,541-47-9,undefined,
618,YZJCDVRXBOPXSQ-UHFFFAOYSA-N,aromatics,benzyl valerate,82584,10361-39-4,undefined,
619,ZAZKJZBWRNNLDS-UHFFFAOYSA-N,undefined,methyl myristate,31284,124-10-7,pheromone,
620,ZCFOBLITZWHNNC-VOTSOKGWSA-N,undefined,trans-3-octen-2-one,5363229,18402-82-9,undefined,
621,ZCHOPXVYTWUHDS-WAYWQWQTSA-N,undefined,cis-3-hexenyl butyrate,5352438,16491-36-4,undefined,
622,ZCTQGTTXIYCGGC-UHFFFAOYSA-N,aromatics,benzyl salicylate,8363,118-58-1,pleasant,
623,ZFRKQXVRDFCRJG-UHFFFAOYSA-N,amines,skatole,6736,83-34-1,repellent,
624,ZLCSFXXPPANWQY-UHFFFAOYSA-N,undefined,3-ethyl toluene,12100,620-14-4,undefined,
625,ZMANZCXQSJIPKH-UHFFFAOYSA-N,undefined,triethylamine,8471,121-44-8,unpleasant,
626,ZOJBYZNEUISWFT-UHFFFAOYSA-N,undefined,allyl isothiocyanate,5971,57-06-7,repellent,
627,ZQPPMHVWECSIRJ-MDZDMXLPSA-N,undefined,oleic acid,637517,112-80-1,fruity,
628,ZYURHZPYMFLWSH-UHFFFAOYSA-N,undefined,octacosane,12408,630-02-4,undefined,
629,VFPFQHQNJCMNBZ-UHFFFAOYSA-N,aromatics,ethyl gallate,13250,831-61-8,fermentation,
630,CBOQJANXLMLOSS-UHFFFAOYSA-N,aromatics,ethyl vanillin,8467,121-32-4,undefined,
631,REFJWTPEDVJJIY-UHFFFAOYSA-N,aromatics,quercetin,5280343,117-39-5,fruity,
632,NLZUEZXRPGMBCV-UHFFFAOYSA-N,aromatics,butylhydroxytoluene,31404,128-37-0,undefined,
633,KBPUBCVJHFXPOC-UHFFFAOYSA-N,aromatics,ethyl protocatechuate,77547,3943-89-3,undefined,
634,YCCILVSKPBXVIP-UHFFFAOYSA-N,aromatics,tyrosol,10393,501-94-0,undefined,
635,XEFAJZOBODPHBG-UHFFFAOYSA-N,aromatics,phenoxyethanol,17848643,56101-99-6,undefined,
636,BHJHPYFAYGAPLS-UHFFFAOYSA-N,undefined,guaiacol acetate,61155,613-70-7,undefined,
637,SPEUIVXLLWOEMJ-UHFFFAOYSA-N,undefined,"1,1-dimethoxyethane",10795,534-15-6,undefined,
638,ZJLMKPKYJBQJNH-UHFFFAOYSA-N,undefined,"1,3-propanedithiol",8013,109-80-8,unpleasant,
639,BAMPVSWRQZNDQC-UHFFFAOYSA-N,undefined,"2,4,5-trimethylthiazole",61653,13623-11-5,undefined,
640,MOMFXATYAINJML-UHFFFAOYSA-N,undefined,2-acetylthiazole,520108,24295-03-2,undefined,
641,BTANRVKWQNVYAZ-BYPYZUCNSA-N,undefined,(+)-2-butanol,444683,,undefined,
642,BTANRVKWQNVYAZ-UHFFFAOYSA-N,undefined,2-butanol,6568,4221-99-2,undefined,
643,ZAJNGDIORYACQU-UHFFFAOYSA-N,undefined,2-decanone,12741,693-54-9,undefined,
644,CMPVUVUNJQERIT-UHFFFAOYSA-N,undefined,2-isobutylthiazole,62725,18640-74-9,undefined,
645,NDVWOBYBJYUSMF-UHFFFAOYSA-N,undefined,2-methylcyclohexanol,11418,615-39-4,undefined,
646,RZKSECIXORKHQS-UHFFFAOYSA-N,undefined,(+)-3-heptanol,11520,40617-58-1,undefined,
647,FDPIMTJIUBPUKL-UHFFFAOYSA-N,undefined,3-pentanone,7288,96-22-0,unpleasant,
648,UWSONZCNXUSTKW-UHFFFAOYSA-N,undefined,"4,5-dimethylthiazole",62510,3581-91-7,undefined,
649,QMHIMXFNBOYPND-UHFFFAOYSA-N,undefined,4-methylthiazole,12748,693-95-8,undefined,
650,LQAVWYMTUMSFBE-UHFFFAOYSA-N,undefined,4-penten-1-ol,13181,821-09-0,undefined,
651,YPWFNLSXQIGJCK-UHFFFAOYSA-N,undefined,7-oxabicyclo[2.2.1]-heptane,9234,279-49-2,undefined,
652,WGQKYBSKWIADBV-UHFFFAOYSA-N,undefined,benzylamine,7504,100-46-9,undefined,
653,QRGSTISKDZCDHV-XCVCLJGOSA-N,undefined,benzyl trans-2-methyl-2-butenoate,250096,37526-88-8,undefined,
654,BAVONGHXFVOKBV-RGURZIINSA-N,undefined,(-)-carveol,11084068,,undefined,
655,MVPPADPHJFYWMZ-UHFFFAOYSA-N,undefined,chlorobenzene,7964,68411-45-0,undefined,
656,WTEVQBCEXWBHNA-UHFFFAOYSA-N,undefined,citral,8843,,undefined,
657,JOZKFWLRHCDGJA-UHFFFAOYSA-N,undefined,citronellyl acetate,9017,20425-54-1,undefined,
658,NKDDWNXOKDWJAK-UHFFFAOYSA-N,undefined,dimethoxymethane,8020,109-87-5,unpleasant,
659,WDAXFOBOLVPGLV-UHFFFAOYSA-N,undefined,ethyl isobutyrate,7342,97-62-1,undefined,
660,YHRUHBBTQZKMEX-YFVJMOTDSA-N,undefined,farnesal,5280598,19317-11-4,undefined,
661,CRDAMVZIKSXKFV-UHFFFAOYSA-N,undefined,farnesol,3327,,fruity,
662,VZRGLBPRLIGTPE-UHFFFAOYSA-N,undefined,furfuryl heptanoate,557223,,undefined,
663,JNIWCVWKECYDSV-UHFFFAOYSA-N,undefined,furfuryl octanoate,61985,39252-03-4,undefined,
664,OFBQJSOFQDEBGM-UHFFFAOYSA-N,undefined,pentane,8003,109-66-0,undefined,
665,NEHNMFOYXAPHSD-SNVBAGLBSA-N,undefined,(R)-(+)-citronellal,75427,106-23-0,undefined,
666,FZWLAAWBMGSTSO-UHFFFAOYSA-N,undefined,thiazole,9256,288-47-1,unpleasant,
667,UERBALMVMSYIMI-UHFFFAOYSA-N,undefined,xylenes,16211355,,undefined,
668,QMVPMAAFGQKVCJ-UHFFFAOYSA-N,undefined,beta-citronellol,8842,141-25-3,pleasant,
669,IIYFAKIEWZDVMP-UHFFFAOYSA-N,undefined,tridecane,12388,629-50-5,pheromone,
670,YCOZIPAWZNQLMR-UHFFFAOYSA-N,undefined,pentadecane,12391,629-62-9,undefined,
671,NDJKXXJCMXVBJW-UHFFFAOYSA-N,undefined,heptadecane,12398,629-78-7,undefined,
672,RZJRJXONCZWCBN-UHFFFAOYSA-N,undefined,octadecane,11635,593-45-3,undefined,
673,LQERIDTXQFOHKA-UHFFFAOYSA-N,undefined,nonadecane,12401,629-92-5,undefined,
674,CBFCDTFDPHXCNY-UHFFFAOYSA-N,undefined,eicosane,8222,112-95-8,undefined,
675,IGGUPRCHHJZPBS-UHFFFAOYSA-N,undefined,nonacosane,12409,630-03-5,repellent,
676,AISQJRLSHDWVGU-UHFFFAOYSA-N,undefined,2-methyl docosane,519145,,undefined,
677,YNQOGIZOCQEUJR-UHFFFAOYSA-N,undefined,2-methyl tetracosane,527459,,undefined,
678,BEBPORIYFVRVCP-UHFFFAOYSA-N,undefined,2-methyl hexacosane,150931,1561-02-0,undefined,
679,YGCGPCUUTAKOEU-UHFFFAOYSA-N,undefined,2-methyl octacosane,519147,52701-71-0,undefined,
680,MWORWWXTNWRHAD-UHFFFAOYSA-N,undefined,5-methyl tricosane,519937,,undefined,
681,ULRDOMATUJWTEF-UHFFFAOYSA-N,undefined,7-methyl tricosane,528562,,undefined,
682,GQEZCXVZFLOKMC-UHFFFAOYSA-N,undefined,hexadecene,12395,26952-14-7,undefined,
683,IRYCVIRCWSSJOW-SQFISAMPSA-N,undefined,(Z)-7-tricosene,14367296,,undefined,
684,IGOWHGRNPLFNDJ-ZPHPHTNESA-N,undefined,(Z)-9-tricosene,5365075,27519-02-4,pheromone,
685,RORWYUWDGGVNRJ-SQFISAMPSA-N,undefined,(Z)-7-pentacosene,56936090,,undefined,
686,PJVWXEURPGIPNW-ADYYPQGGSA-N,undefined,"(Z,Z)-7,11-pentacosadiene",14464903,,undefined,
687,RJYQFYALHBHYMG-ADYYPQGGSA-N,undefined,"(Z,Z)-7,11-heptacosadiene",14464905,,undefined,
688,KJSVCIRMHUQNGQ-ADYYPQGGSA-N,undefined,"(Z,Z)-7,11-octacosadiene",14464905,,undefined,
689,KWUWRILZYFCPRI-ADYYPQGGSA-N,undefined,"(Z,Z)-7,11-nonacosadiene",14367348,,undefined,
690,UQDUPQYQJKYHQI-UHFFFAOYSA-N,undefined,methyl laurate,8139,111-82-0,pheromone,
691,FLIACVVOZYBSBS-UHFFFAOYSA-N,undefined,methyl palmitate,8181,112-39-0,pheromone,
692,SECPZKHBENQXJG-FPLPWBNLSA-N,undefined,palmitoleic acid,445638,373-49-9,fruity,
693,PXRBWNLUQYZAAX-UHFFFAOYSA-N,undefined,gamma-nonalactone,,104-61-0,undefined,
694,XNCNNDVCAUWAIT-UHFFFAOYSA-N,undefined,methyl heptanoate,,106-73-0,undefined,
695,YRHYCMZPEVDGFQ-UHFFFAOYSA-N,undefined,methyl decanoate,,110-42-9,undefined,
696,LHXDLQBQYFFVNW-UHFFFAOYSA-N,undefined,fenchone,,1195-79-5,repellent,
697,GOQYKNQRPGWPLP-UHFFFAOYSA-N,undefined,1-heptadecanol,,1454-85-9,undefined,
698,IJXHLVMUNBOGRR-UHFFFAOYSA-N,undefined,methyl nonanoate,,1731-84-6,undefined,
699,ULCZGKYHRYJXAU-UHFFFAOYSA-N,undefined,1-heptacosanol,,2004-38-9,undefined,
700,HOBAELRKJCKHQD-QNEBEIHSSA-N,undefined,cis-8 11 14-eicosatrienoic acid methyl ester,,21061-10-9,undefined,
701,ALSTYHKOOCGGFT-MDZDMXLPSA-N,undefined,Ee,,506-42-3,undefined,
702,IYRMWMYZSQPJKC-UHFFFAOYSA-N,undefined,kaempferol,,520-18-3,undefined,
703,IKMDFBPHZNJCSN-UHFFFAOYSA-N,undefined,myricetin,,529-44-2,fruity,
704,BTFJIXJJCSYFAL-UHFFFAOYSA-N,undefined,1-eicosanol,,629-96-9,undefined,
705,NOPFSRXAKWQILS-UHFFFAOYSA-N,undefined,1-docosanol,,661-19-8,undefined,
706,GRWFGVWFFZKLTI-IUCAKERBSA-N,undefined,(-)-alpha-pinene,,7785-26-4,repellent,
707,croton oil,undefined,croton oil,,8001-28-3,repellent,
708,sandalwood-oil,undefined,sandalwood-oil,,8006-87-9,repellent,
709,ylang ylang,undefined,ylang ylang,,83863-30-3,repellent,
710,,undefined,3-methyl-2-butenyl-3-methyl butanoate,,89026-29-9,undefined,
711,WAPNOHKVXSQRPX-UHFFFAOYSA-N,undefined,phenylethanol,,98-85-1,pleasant,
